"","Clinton","Sanders","county","state_abbreviation"
"x",0.75,0.25,"State House District 1","AK"
"x.1",0.833,0.166,"State House District 2","AK"
"x.2",1,0,"State House District 3","AK"
"x.3",0.842,0.157,"State House District 4","AK"
"x.4",1,0,"State House District 5","AK"
"x.5",1,0,"State House District 6","AK"
"x.6",0.75,0.25,"State House District 7","AK"
"x.7",1,0,"State House District 8","AK"
"x.8",0.8,0.2,"State House District 9","AK"
"x.9",0.8,0.2,"State House District 10","AK"
"x.10",0.818,0.181,"State House District 11","AK"
"x.11",1,0,"State House District 12","AK"
"x.12",0.714,0.285,"State House District 13","AK"
"x.13",0.692,0.307,"State House District 14","AK"
"x.14",0.888,0.111,"State House District 15","AK"
"x.15",0.8,0.2,"State House District 16","AK"
"x.16",0.714,0.285,"State House District 17","AK"
"x.17",0.777,0.222,"State House District 18","AK"
"x.18",0.666,0.333,"State House District 19","AK"
"x.19",0.666,0.333,"State House District 20","AK"
"x.20",0.666,0.333,"State House District 21","AK"
"x.21",0.785,0.214,"State House District 22","AK"
"x.22",1,0,"State House District 23","AK"
"x.23",0.666,0.333,"State House District 24","AK"
"x.24",0.733,0.266,"State House District 25","AK"
"x.25",0.714,0.285,"State House District 26","AK"
"x.26",0.764,0.235,"State House District 27","AK"
"x.27",0.736,0.263,"State House District 28","AK"
"x.28",0.8,0.2,"State House District 29","AK"
"x.29",0.777,0.222,"State House District 30","AK"
"x.30",1,0,"State House District 31","AK"
"x.31",1,0,"State House District 32","AK"
"x.32",0.84,0.16,"State House District 33","AK"
"x.33",0.777,0.222,"State House District 34","AK"
"x.34",0.777,0.222,"State House District 35","AK"
"x.35",0.833,0.166,"State House District 36","AK"
"x.36",0.785,0.214,"State House District 37","AK"
"x.37",1,0,"State House District 38","AK"
"x.38",0.764,0.235,"State House District 39","AK"
"x.39",1,0,"State House District 40","AK"
"x1",0.347,0.62,"Andover","CT"
"x.169",0.475,0.498,"Ansonia","CT"
"x.210",0.355,0.63,"Ashford","CT"
"x.310",0.578,0.406,"Avon","CT"
"x.410",0.388,0.595,"Barkhamsted","CT"
"x.510",0.344,0.619,"Beacon Falls","CT"
"x.610",0.452,0.497,"Berlin","CT"
"x.710",0.444,0.539,"Bethany","CT"
"x.810",0.46,0.522,"Bethel","CT"
"x.910",0.378,0.593,"Bethlehem","CT"
"x.1010",0.746,0.249,"Bloomfield","CT"
"x.1110",0.406,0.566,"Bolton","CT"
"x.1210",0.368,0.588,"Bozrah","CT"
"x.1310",0.484,0.501,"Branford","CT"
"x.1410",0.65,0.335,"Bridgeport","CT"
"x.1510",0.424,0.558,"Bridgewater","CT"
"x.1610",0.438,0.537,"Bristol","CT"
"x.171",0.481,0.499,"Brookfield","CT"
"x.181",0.403,0.565,"Brooklyn","CT"
"x.191",0.458,0.523,"Burlington","CT"
"x.201",0.297,0.692,"Canaan","CT"
"x.211",0.378,0.602,"Canterbury","CT"
"x.221",0.435,0.543,"Canton","CT"
"x.231",0.322,0.654,"Chaplin","CT"
"x.241",0.512,0.479,"Cheshire","CT"
"x.251",0.429,0.559,"Chester","CT"
"x.261",0.462,0.528,"Clinton","CT"
"x.271",0.384,0.6,"Colchester","CT"
"x.281",0.358,0.581,"Colebrook","CT"
"x.291",0.39,0.596,"Columbia","CT"
"x.301",0.413,0.584,"Cornwall","CT"
"x.311",0.403,0.588,"Coventry","CT"
"x.321",0.492,0.483,"Cromwell","CT"
"x.331",0.537,0.442,"Danbury","CT"
"x.341",0.695,0.303,"Darien","CT"
"x.351",0.412,0.578,"Deep River","CT"
"x.361",0.468,0.503,"Derby","CT"
"x.371",0.42,0.566,"Durham","CT"
"x.381",0.454,0.527,"East Granby","CT"
"x.391",0.409,0.573,"East Haddam","CT"
"x.40",0.4,0.583,"East Hampton","CT"
"x.41",0.556,0.419,"East Hartford","CT"
"x.42",0.492,0.48,"East Haven","CT"
"x.43",0.503,0.484,"East Lyme","CT"
"x.44",0.416,0.558,"East Windsor","CT"
"x.45",0.339,0.639,"Eastford","CT"
"x.46",0.549,0.436,"Easton","CT"
"x.47",0.43,0.558,"Ellington","CT"
"x.48",0.425,0.546,"Enfield","CT"
"x.49",0.521,0.465,"Essex","CT"
"x.50",0.593,0.399,"Fairfield","CT"
"x.51",0.495,0.486,"Farmington","CT"
"x.52",0.344,0.613,"Franklin","CT"
"x.53",0.514,0.474,"Glastonbury","CT"
"x.54",0.341,0.646,"Goshen","CT"
"x.55",0.41,0.578,"Granby","CT"
"x.56",0.681,0.306,"Greenwich","CT"
"x.57",0.357,0.601,"Griswold","CT"
"x.58",0.459,0.529,"Groton","CT"
"x.59",0.546,0.447,"Guilford","CT"
"x.60",0.41,0.566,"Haddam","CT"
"x.61",0.565,0.419,"Hamden","CT"
"x.62",0.44,0.544,"Hampton","CT"
"x.63",0.694,0.295,"Hartford","CT"
"x.64",0.307,0.681,"Hartland","CT"
"x.65",0.385,0.596,"Harwinton","CT"
"x.66",0.433,0.551,"Hebron","CT"
"x.67",0.485,0.513,"Kent","CT"
"x.68",0.351,0.624,"Killingly","CT"
"x.69",0.493,0.494,"Killingworth","CT"
"x.70",0.331,0.655,"Lebanon","CT"
"x.71",0.449,0.539,"Ledyard","CT"
"x.72",0.371,0.591,"Lisbon","CT"
"x.73",0.449,0.538,"Litchfield","CT"
"x.74",0.522,0.476,"Lyme","CT"
"x.75",0.556,0.435,"Madison","CT"
"x.76",0.454,0.528,"Manchester","CT"
"x.77",0.324,0.67,"Mansfield","CT"
"x.78",0.465,0.518,"Marlborough","CT"
"x.79",0.506,0.471,"Meriden","CT"
"x.80",0.446,0.533,"Middlebury","CT"
"x.81",0.408,0.579,"Middlefield","CT"
"x.82",0.457,0.526,"Middletown","CT"
"x.83",0.484,0.496,"Milford","CT"
"x.84",0.48,0.499,"Monroe","CT"
"x.85",0.394,0.573,"Montville","CT"
"x.86",0.417,0.565,"Morris","CT"
"x.87",0.373,0.594,"Naugatuck","CT"
"x.88",0.518,0.456,"New Britain","CT"
"x.89",0.718,0.275,"New Canaan","CT"
"x.90",0.467,0.521,"New Fairfield","CT"
"x.91",0.354,0.622,"New Hartford","CT"
"x.92",0.573,0.417,"New Haven","CT"
"x.93",0.456,0.529,"New London","CT"
"x.94",0.419,0.563,"New Milford","CT"
"x.95",0.485,0.485,"Newington","CT"
"x.96",0.527,0.456,"Newtown","CT"
"x.97",0.473,0.516,"Norfolk","CT"
"x.98",0.493,0.487,"North Branford","CT"
"x.99",0.338,0.648,"North Canaan","CT"
"x.100",0.511,0.475,"North Haven","CT"
"x.101",0.416,0.571,"North Stonington","CT"
"x.102",0.593,0.398,"Norwalk","CT"
"x.103",0.427,0.553,"Norwich","CT"
"x.104",0.515,0.47,"Old Lyme","CT"
"x.105",0.539,0.453,"Old Saybrook","CT"
"x.106",0.555,0.432,"Orange","CT"
"x.107",0.421,0.563,"Oxford","CT"
"x.108",0.402,0.559,"Plainfield","CT"
"x.109",0.436,0.528,"Plainville","CT"
"x.110",0.374,0.593,"Plymouth","CT"
"x.111",0.354,0.636,"Pomfret","CT"
"x.112",0.441,0.528,"Portland","CT"
"x.113",0.338,0.627,"Preston","CT"
"x.114",0.405,0.568,"Prospect","CT"
"x.115",0.411,0.552,"Putnam","CT"
"x.116",0.571,0.423,"Redding","CT"
"x.117",0.594,0.394,"Ridgefield","CT"
"x.118",0.501,0.474,"Rocky Hill","CT"
"x.119",0.577,0.413,"Roxbury","CT"
"x.120",0.429,0.544,"Salem","CT"
"x.121",0.573,0.422,"Salisbury","CT"
"x.122",0.288,0.654,"Scotland","CT"
"x.123",0.388,0.588,"Seymour","CT"
"x.124",0.501,0.493,"Sharon","CT"
"x.125",0.468,0.496,"Shelton","CT"
"x.126",0.457,0.531,"Sherman","CT"
"x.127",0.53,0.46,"Simsbury","CT"
"x.128",0.453,0.52,"Somers","CT"
"x.129",0.503,0.477,"South Windsor","CT"
"x.130",0.527,0.459,"Southbury","CT"
"x.131",0.468,0.5,"Southington","CT"
"x.132",0.337,0.632,"Sprague","CT"
"x.133",0.341,0.621,"Stafford","CT"
"x.134",0.645,0.339,"Stamford","CT"
"x.135",0.289,0.689,"Sterling","CT"
"x.136",0.466,0.52,"Stonington","CT"
"x.137",0.552,0.431,"Stratford","CT"
"x.138",0.468,0.513,"Suffield","CT"
"x.139",0.348,0.611,"Thomaston","CT"
"x.140",0.409,0.54,"Thompson","CT"
"x.141",0.418,0.568,"Tolland","CT"
"x.142",0.383,0.59,"Torrington","CT"
"x.143",0.532,0.455,"Trumbull","CT"
"x.144",0.301,0.675,"Union","CT"
"x.145",0.42,0.558,"Vernon","CT"
"x.146",0.252,0.688,"Voluntown","CT"
"x.147",0.474,0.508,"Wallingford","CT"
"x.148",0.386,0.614,"Warren","CT"
"x.149",0.511,0.479,"Washington","CT"
"x.150",0.503,0.46,"Waterbury","CT"
"x.151",0.464,0.521,"Waterford","CT"
"x.152",0.395,0.566,"Watertown","CT"
"x.153",0.551,0.437,"West Hartford","CT"
"x.154",0.503,0.468,"West Haven","CT"
"x.155",0.485,0.495,"Westbrook","CT"
"x.156",0.698,0.296,"Weston","CT"
"x.157",0.703,0.287,"Westport","CT"
"x.158",0.501,0.48,"Wethersfield","CT"
"x.159",0.323,0.666,"Willington","CT"
"x.160",0.654,0.337,"Wilton","CT"
"x.161",0.332,0.647,"Winchester","CT"
"x.162",0.379,0.599,"Windham","CT"
"x.163",0.611,0.378,"Windsor","CT"
"x.164",0.43,0.537,"Windsor Locks","CT"
"x.165",0.412,0.552,"Wolcott","CT"
"x.166",0.615,0.376,"Woodbridge","CT"
"x.167",0.463,0.525,"Woodbury","CT"
"x.168",0.376,0.612,"Woodstock","CT"
"x2",0.588,0.399,"Kent","DE"
"x.170",0.595,0.397,"New Castle","DE"
"x.212",0.614,0.364,"Sussex","DE"
"x3",0.773,0.226,"Hawaii","HI"
"x.172",0.63,0.368,"Honolulu","HI"
"x.213",0.771,0.228,"Kauai","HI"
"x.312",0.785,0.212,"Maui","HI"
"x4",0.51,0.49,"Adams","IN"
"x.173",0.522,0.478,"Allen","IN"
"x.214",0.534,0.466,"Bartholomew","IN"
"x.313",0.553,0.447,"Benton","IN"
"x.411",0.51,0.49,"Blackford","IN"
"x.511",0.552,0.448,"Boone","IN"
"x.611",0.612,0.388,"Brown","IN"
"x.711",0.561,0.439,"Carroll","IN"
"x.811",0.593,0.407,"Cass","IN"
"x.911",0.461,0.539,"Clark","IN"
"x.1011",0.53,0.47,"Clay","IN"
"x.1111",0.591,0.409,"Clinton","IN"
"x.1211",0.474,0.526,"Crawford","IN"
"x.1311",0.565,0.435,"Daviess","IN"
"x.1411",0.527,0.473,"DeKalb","IN"
"x.1511",0.473,0.527,"Dearborn","IN"
"x.1611",0.537,0.463,"Decatur","IN"
"x.174",0.557,0.443,"Delaware","IN"
"x.182",0.499,0.501,"Dubois","IN"
"x.192",0.592,0.408,"Elkhart","IN"
"x.202",0.527,0.473,"Fayette","IN"
"x.215",0.473,0.527,"Floyd","IN"
"x.222",0.528,0.472,"Fountain","IN"
"x.232",0.453,0.547,"Franklin","IN"
"x.242",0.535,0.465,"Fulton","IN"
"x.252",0.495,0.505,"Gibson","IN"
"x.262",0.503,0.497,"Grant","IN"
"x.272",0.574,0.426,"Greene","IN"
"x.282",0.542,0.458,"Hamilton","IN"
"x.292",0.592,0.408,"Hancock","IN"
"x.302",0.463,0.537,"Harrison","IN"
"x.314",0.586,0.414,"Hendricks","IN"
"x.322",0.545,0.455,"Henry","IN"
"x.332",0.514,0.486,"Howard","IN"
"x.342",0.595,0.405,"Huntington","IN"
"x.352",0.485,0.515,"Jackson","IN"
"x.362",0.592,0.408,"Jasper","IN"
"x.372",0.504,0.496,"Jay","IN"
"x.382",0.471,0.529,"Jefferson","IN"
"x.392",0.524,0.476,"Jennings","IN"
"x.401",0.598,0.402,"Johnson","IN"
"x.412",0.505,0.495,"Knox","IN"
"x.421",0.607,0.393,"Kosciusko","IN"
"x.431",0.541,0.459,"LaPorte","IN"
"x.441",0.526,0.474,"Lagrange","IN"
"x.451",0.433,0.567,"Lake","IN"
"x.461",0.608,0.392,"Lawrence","IN"
"x.471",0.519,0.481,"Madison","IN"
"x.481",0.496,0.504,"Marion","IN"
"x.491",0.587,0.413,"Marshall","IN"
"x.501",0.544,0.456,"Martin","IN"
"x.512",0.578,0.422,"Miami","IN"
"x.521",0.653,0.347,"Monroe","IN"
"x.531",0.575,0.425,"Montgomery","IN"
"x.541",0.574,0.426,"Morgan","IN"
"x.551",0.546,0.454,"Newton","IN"
"x.561",0.529,0.471,"Noble","IN"
"x.571",0.418,0.582,"Ohio","IN"
"x.581",0.523,0.477,"Orange","IN"
"x.591",0.626,0.374,"Owen","IN"
"x.601",0.579,0.421,"Parke","IN"
"x.612",0.451,0.549,"Perry","IN"
"x.621",0.543,0.457,"Pike","IN"
"x.631",0.585,0.415,"Porter","IN"
"x.641",0.552,0.448,"Posey","IN"
"x.651",0.574,0.426,"Pulaski","IN"
"x.661",0.55,0.45,"Putnam","IN"
"x.671",0.557,0.443,"Randolph","IN"
"x.681",0.506,0.494,"Ripley","IN"
"x.691",0.574,0.426,"Rush","IN"
"x.701",0.448,0.552,"Scott","IN"
"x.712",0.552,0.448,"Shelby","IN"
"x.721",0.493,0.507,"Spencer","IN"
"x.731",0.528,0.472,"St. Joseph","IN"
"x.741",0.548,0.452,"Starke","IN"
"x.751",0.533,0.467,"Steuben","IN"
"x.761",0.579,0.421,"Sullivan","IN"
"x.771",0.488,0.512,"Switzerland","IN"
"x.781",0.615,0.385,"Tippecanoe","IN"
"x.791",0.581,0.419,"Tipton","IN"
"x.801",0.5,0.5,"Union","IN"
"x.812",0.543,0.457,"Vanderburgh","IN"
"x.821",0.549,0.451,"Vermillion","IN"
"x.831",0.552,0.448,"Vigo","IN"
"x.841",0.544,0.456,"Wabash","IN"
"x.851",0.515,0.485,"Warren","IN"
"x.861",0.54,0.46,"Warrick","IN"
"x.871",0.483,0.517,"Washington","IN"
"x.881",0.544,0.456,"Wayne","IN"
"x.891",0.511,0.489,"Wells","IN"
"x.901",0.563,0.437,"White","IN"
"x.912",0.564,0.436,"Whitley","IN"
"x5",0.689,0.31,"Congressional District 1","KS"
"x.175",0.715,0.284,"Congressional District 2","KS"
"x.216",0.62,0.379,"Congressional District 3","KS"
"x.315",0.698,0.301,"Congressional District 4","KS"
"x6",0.537,0.314,"Acadia","LA"
"x.176",0.551,0.306,"Allen","LA"
"x.217",0.711,0.233,"Ascension","LA"
"x.316",0.714,0.195,"Assumption","LA"
"x.413",0.64,0.247,"Avoyelles","LA"
"x.513",0.535,0.308,"Beauregard","LA"
"x.613",0.769,0.162,"Bienville","LA"
"x.713",0.665,0.27,"Bossier","LA"
"x.813",0.798,0.168,"Caddo","LA"
"x.913",0.657,0.262,"Calcasieu","LA"
"x.1012",0.564,0.269,"Caldwell","LA"
"x.1112",0.374,0.401,"Cameron","LA"
"x.1212",0.606,0.273,"Catahoula","LA"
"x.1312",0.763,0.157,"Claiborne","LA"
"x.1412",0.767,0.138,"Concordia","LA"
"x.1512",0.771,0.163,"DeSoto","LA"
"x.1612",0.784,0.19,"East Baton Rouge","LA"
"x.177",0.88,0.081,"East Carroll","LA"
"x.183",0.776,0.146,"East Feliciana","LA"
"x.193",0.631,0.238,"Evangeline","LA"
"x.203",0.655,0.22,"Franklin","LA"
"x.218",0.486,0.327,"Grant","LA"
"x.223",0.664,0.247,"Iberia","LA"
"x.233",0.696,0.196,"Iberville","LA"
"x.243",0.659,0.213,"Jackson","LA"
"x.253",0.56,0.317,"Jeff Davis","LA"
"x.263",0.677,0.271,"Jefferson","LA"
"x.273",0.302,0.408,"LaSalle","LA"
"x.283",0.597,0.355,"Lafayette","LA"
"x.293",0.505,0.36,"Lafourche","LA"
"x.303",0.753,0.194,"Lincoln","LA"
"x.317",0.454,0.387,"Livingston","LA"
"x.323",0.823,0.112,"Madison","LA"
"x.333",0.788,0.155,"Morehouse","LA"
"x.343",0.681,0.226,"Natchitoches","LA"
"x.353",0.747,0.241,"Orleans","LA"
"x.363",0.786,0.158,"Ouachita","LA"
"x.373",0.716,0.227,"Plaquemines","LA"
"x.383",0.767,0.161,"Pointe Coupee","LA"
"x.393",0.713,0.219,"Rapides","LA"
"x.402",0.753,0.166,"Red River","LA"
"x.414",0.761,0.148,"Richland","LA"
"x.422",0.498,0.333,"Sabine","LA"
"x.432",0.623,0.311,"St. Bernard","LA"
"x.442",0.692,0.242,"St. Charles","LA"
"x.452",0.838,0.111,"St. Helena","LA"
"x.462",0.822,0.126,"St. James","LA"
"x.472",0.848,0.125,"St. John the Baptist","LA"
"x.482",0.741,0.191,"St. Landry","LA"
"x.492",0.665,0.246,"St. Martin","LA"
"x.502",0.729,0.196,"St. Mary","LA"
"x.514",0.572,0.363,"St. Tammany","LA"
"x.522",0.657,0.255,"Tangipahoa","LA"
"x.532",0.828,0.103,"Tensas","LA"
"x.542",0.667,0.258,"Terrebonne","LA"
"x.552",0.687,0.181,"Union","LA"
"x.562",0.54,0.349,"Vermilion","LA"
"x.572",0.495,0.358,"Vernon","LA"
"x.582",0.693,0.214,"Washington","LA"
"x.592",0.748,0.174,"Webster","LA"
"x.602",0.734,0.199,"West Baton Rouge","LA"
"x.614",0.49,0.315,"West Carroll","LA"
"x.622",0.801,0.147,"West Feliciana","LA"
"x.632",0.635,0.251,"Winn","LA"
"x7",0.418,0.447,"Allegany","MD"
"x.178",0.568,0.384,"Anne Arundel","MD"
"x.219",0.578,0.37,"Baltimore","MD"
"x.318",0.654,0.312,"Baltimore City","MD"
"x.415",0.575,0.361,"Calvert","MD"
"x.515",0.514,0.412,"Caroline","MD"
"x.615",0.463,0.475,"Carroll","MD"
"x.714",0.454,0.452,"Cecil","MD"
"x.814",0.683,0.282,"Charles","MD"
"x.914",0.602,0.318,"Dorchester","MD"
"x.1013",0.518,0.436,"Frederick","MD"
"x.1113",0.408,0.471,"Garrett","MD"
"x.1213",0.518,0.416,"Harford","MD"
"x.1313",0.603,0.366,"Howard","MD"
"x.1413",0.551,0.384,"Kent","MD"
"x.1513",0.67,0.311,"Montgomery","MD"
"x.1613",0.742,0.242,"Prince George's","MD"
"x.179",0.536,0.403,"Queen Anne's","MD"
"x.184",0.626,0.294,"Somerset","MD"
"x.194",0.527,0.395,"St. Mary's","MD"
"x.204",0.611,0.343,"Talbot","MD"
"x.2110",0.493,0.41,"Washington","MD"
"x.224",0.588,0.349,"Wicomico","MD"
"x.234",0.558,0.36,"Worcester","MD"
"x8",0.475,0.525,"Albany","NY"
"x.180",0.405,0.595,"Allegany","NY"
"x.220",0.7,0.3,"Bronx","NY"
"x.319",0.6,0.4,"Brooklyn","NY"
"x.416",0.434,0.566,"Broome","NY"
"x.516",0.421,0.579,"Cattaraugus","NY"
"x.616",0.473,0.527,"Cayuga","NY"
"x.715",0.46,0.54,"Chautauqua","NY"
"x.815",0.496,0.504,"Chemung","NY"
"x.915",0.391,0.609,"Chenango","NY"
"x.1014",0.265,0.735,"Clinton","NY"
"x.1114",0.429,0.571,"Columbia","NY"
"x.1214",0.427,0.573,"Cortland","NY"
"x.1314",0.391,0.609,"Delaware","NY"
"x.1414",0.485,0.515,"Dutchess","NY"
"x.1514",0.504,0.496,"Erie","NY"
"x.1614",0.268,0.732,"Essex","NY"
"x.1710",0.291,0.709,"Franklin","NY"
"x.185",0.389,0.611,"Fulton","NY"
"x.195",0.451,0.549,"Genesee","NY"
"x.205",0.421,0.579,"Greene","NY"
"x.2111",0.369,0.631,"Hamilton","NY"
"x.225",0.44,0.56,"Herkimer","NY"
"x.235",0.491,0.509,"Jefferson","NY"
"x.244",0.409,0.591,"Lewis","NY"
"x.254",0.401,0.599,"Livingston","NY"
"x.264",0.445,0.555,"Madison","NY"
"x.274",0.663,0.337,"Manhattan","NY"
"x.284",0.518,0.482,"Monroe","NY"
"x.294",0.421,0.579,"Montgomery","NY"
"x.304",0.626,0.374,"Nassau","NY"
"x.3110",0.463,0.537,"Niagara","NY"
"x.324",0.454,0.546,"Oneida","NY"
"x.334",0.53,0.47,"Onondaga","NY"
"x.344",0.462,0.538,"Ontario","NY"
"x.354",0.515,0.485,"Orange","NY"
"x.364",0.426,0.574,"Orleans","NY"
"x.374",0.442,0.558,"Oswego","NY"
"x.384",0.409,0.591,"Otsego","NY"
"x.394",0.493,0.507,"Putnam","NY"
"x.403",0.616,0.384,"Queens","NY"
"x.417",0.416,0.584,"Rensselaer","NY"
"x.423",0.605,0.395,"Rockland","NY"
"x.433",0.411,0.589,"Saint Lawrence","NY"
"x.443",0.442,0.558,"Saratoga","NY"
"x.453",0.472,0.528,"Schenectady","NY"
"x.463",0.364,0.636,"Schoharie","NY"
"x.473",0.375,0.625,"Schuyler","NY"
"x.483",0.472,0.528,"Seneca","NY"
"x.493",0.529,0.471,"Staten Island","NY"
"x.503",0.421,0.579,"Steuben","NY"
"x.517",0.547,0.453,"Suffolk","NY"
"x.523",0.439,0.561,"Sullivan","NY"
"x.533",0.403,0.597,"Tioga","NY"
"x.543",0.377,0.623,"Tompkins","NY"
"x.553",0.374,0.626,"Ulster","NY"
"x.563",0.383,0.617,"Warren","NY"
"x.573",0.359,0.641,"Washington","NY"
"x.583",0.445,0.555,"Wayne","NY"
"x.593",0.674,0.326,"Westchester","NY"
"x.603",0.395,0.605,"Wyoming","NY"
"x.617",0.452,0.548,"Yates","NY"
"x9",0.482,0.509,"Adams","PA"
"x.186",0.551,0.441,"Allegheny","PA"
"x.226",0.482,0.497,"Armstrong","PA"
"x.320",0.567,0.418,"Beaver","PA"
"x.418",0.49,0.488,"Bedford","PA"
"x.518",0.483,0.507,"Berks","PA"
"x.618",0.466,0.518,"Blair","PA"
"x.716",0.488,0.497,"Bradford","PA"
"x.816",0.559,0.431,"Bucks","PA"
"x.916",0.521,0.464,"Butler","PA"
"x.1015",0.471,0.501,"Cambria","PA"
"x.1115",0.417,0.54,"Cameron","PA"
"x.1215",0.487,0.499,"Carbon","PA"
"x.1315",0.448,0.546,"Centre","PA"
"x.1415",0.557,0.44,"Chester","PA"
"x.1515",0.493,0.488,"Clarion","PA"
"x.1615",0.471,0.507,"Clearfield","PA"
"x.1711",0.485,0.497,"Clinton","PA"
"x.187",0.403,0.584,"Columbia","PA"
"x.196",0.484,0.5,"Crawford","PA"
"x.206",0.514,0.479,"Cumberland","PA"
"x.2112",0.569,0.424,"Dauphin","PA"
"x.227",0.597,0.398,"Delaware","PA"
"x.236",0.451,0.528,"Elk","PA"
"x.245",0.518,0.473,"Erie","PA"
"x.255",0.577,0.405,"Fayette","PA"
"x.265",0.521,0.459,"Forest","PA"
"x.275",0.517,0.47,"Franklin","PA"
"x.285",0.489,0.487,"Fulton","PA"
"x.295",0.521,0.45,"Greene","PA"
"x.305",0.433,0.553,"Huntingdon","PA"
"x.3111",0.507,0.473,"Indiana","PA"
"x.325",0.433,0.535,"Jefferson","PA"
"x.335",0.45,0.523,"Juniata","PA"
"x.345",0.565,0.425,"Lackawanna","PA"
"x.355",0.48,0.515,"Lancaster","PA"
"x.365",0.587,0.399,"Lawrence","PA"
"x.375",0.498,0.493,"Lebanon","PA"
"x.385",0.524,0.47,"Lehigh","PA"
"x.395",0.52,0.469,"Luzerne","PA"
"x.404",0.44,0.545,"Lycoming","PA"
"x.419",0.457,0.527,"McKean","PA"
"x.424",0.568,0.415,"Mercer","PA"
"x.434",0.483,0.499,"Mifflin","PA"
"x.444",0.533,0.459,"Monroe","PA"
"x.454",0.59,0.407,"Montgomery","PA"
"x.464",0.479,0.503,"Montour","PA"
"x.474",0.512,0.478,"Northampton","PA"
"x.484",0.485,0.5,"Northumberland","PA"
"x.494",0.426,0.562,"Perry","PA"
"x.504",0.626,0.37,"Philadelphia","PA"
"x.519",0.512,0.481,"Pike","PA"
"x.524",0.411,0.569,"Potter","PA"
"x.534",0.513,0.474,"Schuylkill","PA"
"x.544",0.504,0.484,"Snyder","PA"
"x.554",0.482,0.496,"Somerset","PA"
"x.564",0.503,0.476,"Sullivan","PA"
"x.574",0.505,0.482,"Susquehanna","PA"
"x.584",0.433,0.553,"Tioga","PA"
"x.594",0.502,0.493,"Union","PA"
"x.604",0.48,0.497,"Venango","PA"
"x.619",0.514,0.464,"Warren","PA"
"x.623",0.572,0.409,"Washington","PA"
"x.633",0.474,0.517,"Wayne","PA"
"x.642",0.543,0.44,"Westmoreland","PA"
"x.652",0.483,0.503,"Wyoming","PA"
"x.662",0.507,0.482,"York","PA"
"x10",0.481,0.512,"Barrington","RI"
"x.188",0.521,0.466,"Bristol","RI"
"x.228",0.64,0.34,"Burrillville","RI"
"x.326",0.399,0.585,"Central Falls","RI"
"x.420",0.633,0.353,"Charlestown","RI"
"x.520",0.613,0.362,"Coventry","RI"
"x.620",0.558,0.429,"Cranston","RI"
"x.717",0.56,0.419,"Cumberland","RI"
"x.817",0.487,0.505,"East Greenwich","RI"
"x.917",0.545,0.441,"East Providence","RI"
"x.1016",0.643,0.341,"Exeter","RI"
"x.1116",0.69,0.291,"Foster","RI"
"x.1216",0.682,0.301,"Glocester","RI"
"x.1316",0.682,0.302,"Hopkinton","RI"
"x.1416",0.555,0.439,"Jamestown","RI"
"x.1516",0.531,0.426,"Johnston","RI"
"x.1616",0.556,0.422,"Lincoln","RI"
"x.1712",0.551,0.447,"Little Compton","RI"
"x.189",0.575,0.409,"Middletown","RI"
"x.197",0.561,0.423,"Narragansett","RI"
"x.207",0.636,0.347,"New Shoreham","RI"
"x.2113",0.563,0.424,"Newport","RI"
"x.229",0.593,0.395,"North Kingstown","RI"
"x.237",0.532,0.44,"North Providence","RI"
"x.246",0.577,0.396,"North Smithfield","RI"
"x.256",0.49,0.493,"Pawtucket","RI"
"x.266",0.571,0.42,"Portsmouth","RI"
"x.276",0.515,0.476,"Providence","RI"
"x.286",0.669,0.316,"Richmond","RI"
"x.296",0.667,0.317,"Scituate","RI"
"x.306",0.554,0.422,"Smithfield","RI"
"x.3112",0.617,0.373,"South Kingstown","RI"
"x.327",0.558,0.428,"Tiverton","RI"
"x.336",0.584,0.402,"Warren","RI"
"x.346",0.587,0.395,"Warwick","RI"
"x.356",0.648,0.325,"West Greenwich","RI"
"x.366",0.555,0.421,"West Warwick","RI"
"x.376",0.582,0.404,"Westerly","RI"
"x.386",0.539,0.426,"Woonsocket","RI"
"x11",0.739,0.261,"Adams","WA"
"x.190",0.672,0.328,"Asotin","WA"
"x.230",0.783,0.217,"Benton","WA"
"x.328",0.717,0.283,"Chelan","WA"
"x.425",0.686,0.31,"Clallam","WA"
"x.525",0.783,0.215,"Clark","WA"
"x.624",0.769,0.231,"Columbia","WA"
"x.718",0.77,0.23,"Cowlitz","WA"
"x.818",0.733,0.267,"Douglas","WA"
"x.918",0.783,0.217,"Ferry","WA"
"x.1017",0.799,0.201,"Franklin","WA"
"x.1117",0.6,0.4,"Garfield","WA"
"x.1217",0.789,0.204,"Grant","WA"
"x.1317",0.724,0.267,"Grays Harbor","WA"
"x.1417",0.691,0.306,"Island","WA"
"x.1517",0.707,0.293,"Jefferson","WA"
"x.1617",0.673,0.326,"King","WA"
"x.1713",0.725,0.274,"Kitsap","WA"
"x.1810",0.774,0.226,"Kittitas","WA"
"x.198",0.833,0.167,"Klickitat","WA"
"x.208",0.814,0.176,"Lewis","WA"
"x.2114",0.71,0.258,"Lincoln","WA"
"x.2210",0.736,0.255,"Mason","WA"
"x.238",0.87,0.13,"Okanogan","WA"
"x.247",0.811,0.189,"Pacific","WA"
"x.257",0.778,0.222,"Pend Oreille","WA"
"x.267",0.733,0.265,"Pierce","WA"
"x.277",0.76,0.24,"San Juan","WA"
"x.287",0.735,0.265,"Skagit","WA"
"x.297",0.902,0.098,"Skamania","WA"
"x.307",0.761,0.238,"Snohomish","WA"
"x.3113",0.781,0.217,"Spokane","WA"
"x.329",0.808,0.184,"Stevens","WA"
"x.337",0.778,0.22,"Thurston","WA"
"x.347",0.895,0.105,"Wahkiakum","WA"
"x.357",0.708,0.292,"Walla Walla","WA"
"x.367",0.805,0.192,"Whatcom","WA"
"x.377",0.796,0.204,"Whitman","WA"
"x.387",0.757,0.237,"Yakima","WA"
"x12",0.516,0.356,"Barbour","WV"
"x.199",0.492,0.44,"Berkeley","WV"
"x.239",0.52,0.268,"Boone","WV"
"x.330",0.513,0.349,"Braxton","WV"
"x.426",0.509,0.385,"Brooke","WV"
"x.526",0.461,0.379,"Cabell","WV"
"x.625",0.606,0.236,"Calhoun","WV"
"x.719",0.51,0.294,"Clay","WV"
"x.819",0.589,0.288,"Doddridge","WV"
"x.919",0.523,0.338,"Fayette","WV"
"x.1018",0.53,0.283,"Gilmer","WV"
"x.1118",0.464,0.421,"Grant","WV"
"x.1218",0.529,0.35,"Greenbrier","WV"
"x.1318",0.505,0.33,"Hampshire","WV"
"x.1418",0.541,0.368,"Hancock","WV"
"x.1518",0.461,0.342,"Hardy","WV"
"x.1618",0.491,0.382,"Harrison","WV"
"x.1714",0.499,0.4,"Jackson","WV"
"x.1811",0.501,0.45,"Jefferson","WV"
"x.1910",0.48,0.45,"Kanawha","WV"
"x.209",0.549,0.318,"Lewis","WV"
"x.2115",0.472,0.317,"Lincoln","WV"
"x.2211",0.505,0.235,"Logan","WV"
"x.2310",0.524,0.35,"Marion","WV"
"x.248",0.56,0.312,"Marshall","WV"
"x.258",0.516,0.356,"Mason","WV"
"x.268",0.555,0.299,"McDowell","WV"
"x.278",0.514,0.345,"Mercer","WV"
"x.288",0.493,0.38,"Mineral","WV"
"x.298",0.483,0.214,"Mingo","WV"
"x.308",0.576,0.353,"Monongalia","WV"
"x.3114",0.498,0.368,"Monroe","WV"
"x.3210",0.551,0.393,"Morgan","WV"
"x.338",0.529,0.295,"Nicholas","WV"
"x.348",0.53,0.389,"Ohio","WV"
"x.358",0.486,0.386,"Pendleton","WV"
"x.368",0.552,0.333,"Pleasants","WV"
"x.378",0.548,0.348,"Pocahontas","WV"
"x.388",0.562,0.313,"Preston","WV"
"x.396",0.513,0.401,"Putnam","WV"
"x.405",0.524,0.346,"Raleigh","WV"
"x.4110",0.523,0.318,"Randolph","WV"
"x.427",0.58,0.329,"Ritchie","WV"
"x.435",0.529,0.391,"Roane","WV"
"x.445",0.51,0.375,"Summers","WV"
"x.455",0.518,0.358,"Taylor","WV"
"x.465",0.608,0.261,"Tucker","WV"
"x.475",0.6,0.283,"Tyler","WV"
"x.485",0.529,0.365,"Upshur","WV"
"x.495",0.459,0.306,"Wayne","WV"
"x.505",0.54,0.248,"Webster","WV"
"x.5110",0.565,0.274,"Wetzel","WV"
"x.527",0.56,0.292,"Wirt","WV"
"x.535",0.532,0.373,"Wood","WV"
"x.545",0.52,0.246,"Wyoming","WV"
"x13",0.518,0.474,"Adams","WI"
"x.1100",0.63,0.368,"Ashland","WI"
"x.240",0.532,0.462,"Barron","WI"
"x.339",0.635,0.362,"Bayfield","WI"
"x.428",0.573,0.424,"Brown","WI"
"x.528",0.578,0.415,"Buffalo","WI"
"x.626",0.503,0.494,"Burnett","WI"
"x.720",0.568,0.429,"Calumet","WI"
"x.820",0.557,0.438,"Chippewa","WI"
"x.920",0.564,0.428,"Clark","WI"
"x.1019",0.605,0.392,"Columbia","WI"
"x.1119",0.578,0.414,"Crawford","WI"
"x.1219",0.626,0.373,"Dane","WI"
"x.1319",0.579,0.418,"Dodge","WI"
"x.1419",0.536,0.461,"Door","WI"
"x.1519",0.554,0.439,"Douglas","WI"
"x.1619",0.635,0.36,"Dunn","WI"
"x.1715",0.639,0.358,"Eau Claire","WI"
"x.1812",0.618,0.369,"Florence","WI"
"x.1911",0.571,0.427,"Fond du Lac","WI"
"x.2010",0.511,0.481,"Forest","WI"
"x.2116",0.593,0.402,"Grant","WI"
"x.2212",0.609,0.387,"Green","WI"
"x.2311",0.566,0.429,"Green Lake","WI"
"x.249",0.594,0.402,"Iowa","WI"
"x.259",0.546,0.439,"Iron","WI"
"x.269",0.584,0.41,"Jackson","WI"
"x.279",0.611,0.387,"Jefferson","WI"
"x.289",0.573,0.422,"Juneau","WI"
"x.299",0.572,0.425,"Kenosha","WI"
"x.309",0.524,0.471,"Kewaunee","WI"
"x.3115",0.628,0.369,"La Crosse","WI"
"x.3211",0.529,0.464,"Lafayette","WI"
"x.3310",0.542,0.45,"Langlade","WI"
"x.349",0.583,0.414,"Lincoln","WI"
"x.359",0.561,0.434,"Manitowoc","WI"
"x.369",0.589,0.407,"Marathon","WI"
"x.379",0.508,0.486,"Marinette","WI"
"x.389",0.567,0.427,"Marquette","WI"
"x.397",0.633,0.364,"Menominee","WI"
"x.406",0.48,0.517,"Milwaukee","WI"
"x.4111",0.606,0.389,"Monroe","WI"
"x.429",0.513,0.481,"Oconto","WI"
"x.436",0.602,0.394,"Oneida","WI"
"x.446",0.601,0.396,"Outagamie","WI"
"x.456",0.51,0.488,"Ozaukee","WI"
"x.466",0.561,0.436,"Pepin","WI"
"x.476",0.572,0.419,"Pierce","WI"
"x.486",0.527,0.463,"Polk","WI"
"x.496",0.647,0.349,"Portage","WI"
"x.506",0.616,0.378,"Price","WI"
"x.5111",0.508,0.489,"Racine","WI"
"x.529",0.582,0.416,"Richland","WI"
"x.536",0.605,0.392,"Rock","WI"
"x.546",0.569,0.425,"Rusk","WI"
"x.555",0.612,0.385,"Sauk","WI"
"x.565",0.626,0.369,"Sawyer","WI"
"x.575",0.582,0.415,"Shawano","WI"
"x.585",0.54,0.454,"Sheboygan","WI"
"x.595",0.533,0.46,"St. Croix","WI"
"x.605",0.596,0.397,"Taylor","WI"
"x.6110",0.548,0.448,"Trempealeau","WI"
"x.627",0.641,0.356,"Vernon","WI"
"x.634",0.601,0.396,"Vilas","WI"
"x.643",0.617,0.38,"Walworth","WI"
"x.653",0.568,0.424,"Washburn","WI"
"x.663",0.544,0.453,"Washington","WI"
"x.672",0.514,0.484,"Waukesha","WI"
"x.682",0.597,0.397,"Waupaca","WI"
"x.692",0.557,0.438,"Waushara","WI"
"x.702",0.612,0.385,"Winnebago","WI"
"x.7110",0.602,0.395,"Wood","WI"
"x14",0.496,0.437,"Adair","KY"
"x.1101",0.46,0.474,"Allen","KY"
"x.250",0.36,0.524,"Anderson","KY"
"x.340",0.32,0.52,"Ballard","KY"
"x.430",0.372,0.499,"Barren","KY"
"x.530",0.456,0.466,"Bath","KY"
"x.628",0.447,0.456,"Bell","KY"
"x.722",0.518,0.441,"Boone","KY"
"x.822",0.465,0.456,"Bourbon","KY"
"x.921",0.447,0.461,"Boyd","KY"
"x.1020",0.499,0.439,"Boyle","KY"
"x.1120",0.325,0.549,"Bracken","KY"
"x.1220",0.339,0.518,"Breathitt","KY"
"x.1320",0.459,0.458,"Breckinridge","KY"
"x.1420",0.444,0.491,"Bullitt","KY"
"x.1520",0.511,0.421,"Butler","KY"
"x.1620",0.343,0.521,"Caldwell","KY"
"x.1716",0.358,0.55,"Calloway","KY"
"x.1813",0.481,0.475,"Campbell","KY"
"x.1912",0.256,0.575,"Carlisle","KY"
"x.2011",0.415,0.494,"Carroll","KY"
"x.2117",0.391,0.514,"Carter","KY"
"x.2213",0.507,0.44,"Casey","KY"
"x.2312",0.502,0.399,"Christian","KY"
"x.2410",0.455,0.475,"Clark","KY"
"x.2510",0.484,0.416,"Clay","KY"
"x.2610",0.579,0.356,"Clinton","KY"
"x.2710",0.356,0.51,"Crittenden","KY"
"x.2810",0.448,0.5,"Cumberland","KY"
"x.2910",0.455,0.466,"Daviess","KY"
"x.3010",0.495,0.471,"Edmonson","KY"
"x.3116",0.357,0.526,"Elliott","KY"
"x.3212",0.476,0.47,"Estill","KY"
"x.3311",0.528,0.45,"Fayette","KY"
"x.3410",0.407,0.523,"Fleming","KY"
"x.3510",0.314,0.541,"Floyd","KY"
"x.3610",0.451,0.466,"Franklin","KY"
"x.3710",0.466,0.362,"Fulton","KY"
"x.3810",0.395,0.516,"Gallatin","KY"
"x.398",0.505,0.45,"Garrard","KY"
"x.407",0.409,0.492,"Grant","KY"
"x.4112",0.318,0.513,"Graves","KY"
"x.4210",0.499,0.446,"Grayson","KY"
"x.437",0.404,0.512,"Green","KY"
"x.447",0.438,0.477,"Greenup","KY"
"x.457",0.425,0.497,"Hancock","KY"
"x.467",0.478,0.462,"Hardin","KY"
"x.477",0.259,0.628,"Harlan","KY"
"x.487",0.414,0.495,"Harrison","KY"
"x.497",0.397,0.516,"Hart","KY"
"x.507",0.434,0.429,"Henderson","KY"
"x.5112",0.406,0.498,"Henry","KY"
"x.5210",0.325,0.466,"Hickman","KY"
"x.537",0.327,0.522,"Hopkins","KY"
"x.547",0.359,0.59,"Jackson","KY"
"x.556",0.573,0.403,"Jefferson","KY"
"x.566",0.442,0.498,"Jessamine","KY"
"x.576",0.329,0.555,"Johnson","KY"
"x.586",0.49,0.465,"Kenton","KY"
"x.596",0.308,0.588,"Knott","KY"
"x.606",0.479,0.464,"Knox","KY"
"x.6111",0.347,0.516,"LaRue","KY"
"x.629",0.491,0.459,"Laurel","KY"
"x.635",0.353,0.524,"Lawrence","KY"
"x.644",0.429,0.483,"Lee","KY"
"x.654",0.438,0.527,"Leslie","KY"
"x.664",0.267,0.569,"Letcher","KY"
"x.673",0.517,0.37,"Lewis","KY"
"x.683",0.477,0.455,"Lincoln","KY"
"x.693",0.344,0.524,"Livingston","KY"
"x.703",0.438,0.46,"Logan","KY"
"x.7111",0.405,0.457,"Lyon","KY"
"x.723",0.416,0.53,"Madison","KY"
"x.732",0.427,0.523,"Magoffin","KY"
"x.742",0.503,0.426,"Marion","KY"
"x.752",0.347,0.508,"Marshall","KY"
"x.762",0.312,0.574,"Martin","KY"
"x.772",0.441,0.47,"Mason","KY"
"x.782",0.438,0.465,"McCracken","KY"
"x.792",0.419,0.504,"McCreary","KY"
"x.802",0.381,0.501,"McLean","KY"
"x.8110",0.419,0.492,"Meade","KY"
"x.823",0.448,0.465,"Menifee","KY"
"x.832",0.391,0.526,"Mercer","KY"
"x.842",0.417,0.479,"Metcalfe","KY"
"x.852",0.508,0.44,"Monroe","KY"
"x.862",0.458,0.47,"Montgomery","KY"
"x.872",0.316,0.573,"Morgan","KY"
"x.882",0.433,0.457,"Muhlenberg","KY"
"x.892",0.476,0.466,"Nelson","KY"
"x.902",0.422,0.502,"Nicholas","KY"
"x.9110",0.413,0.5,"Ohio","KY"
"x.922",0.524,0.444,"Oldham","KY"
"x.931",0.346,0.55,"Owen","KY"
"x.941",0.433,0.511,"Owsley","KY"
"x.951",0.366,0.515,"Pendleton","KY"
"x.961",0.3,0.596,"Perry","KY"
"x.971",0.261,0.543,"Pike","KY"
"x.981",0.424,0.507,"Powell","KY"
"x.991",0.474,0.466,"Pulaski","KY"
"x.1001",0.32,0.596,"Robertson","KY"
"x.10110",0.457,0.488,"Rockcastle","KY"
"x.1021",0.44,0.512,"Rowan","KY"
"x.1031",0.482,0.467,"Russell","KY"
"x.1041",0.486,0.464,"Scott","KY"
"x.1051",0.478,0.445,"Shelby","KY"
"x.1061",0.459,0.451,"Simpson","KY"
"x.1071",0.427,0.512,"Spencer","KY"
"x.1081",0.503,0.448,"Taylor","KY"
"x.1091",0.351,0.535,"Todd","KY"
"x.1102",0.408,0.483,"Trigg","KY"
"x.11110",0.383,0.5,"Trimble","KY"
"x.1121",0.299,0.493,"Union","KY"
"x.1131",0.449,0.499,"Warren","KY"
"x.1141",0.47,0.455,"Washington","KY"
"x.1151",0.556,0.394,"Wayne","KY"
"x.1161",0.287,0.485,"Webster","KY"
"x.1171",0.525,0.411,"Whitley","KY"
"x.1181",0.421,0.507,"Wolfe","KY"
"x.1191",0.463,0.477,"Woodford","KY"
"x15",0.601,0.399,"Baker","OR"
"x.1103",0.612,0.388,"Benton","OR"
"x.260",0.515,0.485,"Clackamas","OR"
"x.350",0.559,0.441,"Clatsop","OR"
"x.438",0.581,0.419,"Columbia","OR"
"x.538",0.561,0.439,"Coos","OR"
"x.630",0.548,0.452,"Crook","OR"
"x.724",0.524,0.476,"Curry","OR"
"x.824",0.533,0.467,"Deschutes","OR"
"x.923",0.558,0.442,"Douglas","OR"
"x.1022",0.498,0.502,"Gilliam","OR"
"x.1122",0.641,0.359,"Grant","OR"
"x.1221",0.599,0.401,"Harney","OR"
"x.1321",0.607,0.393,"Hood River","OR"
"x.1421",0.563,0.437,"Jackson","OR"
"x.1521",0.52,0.48,"Jefferson","OR"
"x.1621",0.567,0.433,"Josephine","OR"
"x.1717",0.554,0.446,"Klamath","OR"
"x.1814",0.596,0.404,"Lake","OR"
"x.1913",0.61,0.39,"Lane","OR"
"x.2012",0.537,0.463,"Lincoln","OR"
"x.2118",0.581,0.419,"Linn","OR"
"x.2214",0.52,0.48,"Malheur","OR"
"x.2313",0.53,0.47,"Marion","OR"
"x.2411",0.532,0.468,"Morrow","OR"
"x.2511",0.57,0.43,"Multnomah","OR"
"x.2611",0.545,0.455,"Polk","OR"
"x.2711",0.547,0.453,"Sherman","OR"
"x.2811",0.538,0.462,"Tillamook","OR"
"x.2911",0.533,0.467,"Umatilla","OR"
"x.3011",0.591,0.409,"Union","OR"
"x.3117",0.599,0.401,"Wallowa","OR"
"x.3213",0.588,0.412,"Wasco","OR"
"x.3312",0.535,0.465,"Washington","OR"
"x.3411",0.642,0.358,"Wheeler","OR"
"x.3511",0.548,0.452,"Yamhill","OR"
